{
	"format_version": "1.21.0",
	"animations": {
		"animation.de_zombie.idle": {
			"loop": true,
			"animation_length": 3.6,
			"bones": {
				"head": {
					"rotation": {
						"0.0": [-0.96556, -6.38826, 8.46556],
						"0.7": [-5.9302, -1.41514, 7.9464],
						"1.4": [-4.63186, 1.26204, 10.07243],
						"2.1": [-8.46556, -6.38826, 8.46556]
					},
					"position": [0, -0.5, 2]
				},
				"left_arm": {
					"rotation": {
						"0.0": [-22.82328, -26.2974, -9.26565],
						"0.7": [3.37475, -28.44235, -11.9194],
						"1.4": [7.62817, -35.75165, -10.21096],
						"2.6": [-4.31723, -28.18294, -6.24711]
					},
					"position": [-0.5, -1, 1]
				},
				"body": {
					"rotation": [-15, 17.5, 0],
					"position": [0.5, -0.5, 1]
				},
				"right_arm": {
					"rotation": {
						"0.0": [1.33964, 28.79916, 26.15378],
						"0.7": [-5.15666, 38.14831, 7.20304],
						"1.4": [-4.59404, 50.63545, 8.00251],
						"3.0": [4.3172, 28.1829, 6.2471]
					},
					"position": [1.5, -0.5, 3.75]
				}
			}
		}
	}
}