{
	"format_version": "1.20.80",
	"animations": {
		"animation.sc_zombie.idle": {
			"loop": true,
			"animation_length": 3.6,
			"bones": {
				"head": {
					"rotation": {
						"0.0": [-0.96556, -6.38826, 8.46556],
						"0.7": [-5.9302, -1.41514, 7.9464],
						"1.4": [-4.63186, 1.26204, 10.07243],
						"2.1": [-8.46556, -6.38826, 8.46556],
						"3.6": [-0.96556, -6.38826, 8.46556]
					},
					"position": {
						"0.0": [0, -0.5, 2],
						"3.6": [0, -0.5, 2]
					}
				},
				"left_arm": {
					"rotation": {
						"0.0": [-22.82328, -26.2974, -9.26565],
						"0.7": [3.37475, -28.44235, -11.9194],
						"1.4": [7.62817, -35.75165, -10.21096],
						"2.3": [-4.31723, -28.18294, -6.24711],
						"3.6": [-22.82328, -26.2974, -9.26565]
					},
					"position": {
						"0.0": [-0.5, -1, 1],
						"3.6": [-0.5, -1, 1]
					}
				},
				"body": {
					"rotation": {
						"0.0": [-15, 17.5, 0],
						"0.9": [-7.32677, 12.54174, 0.66775],
						"3.6": [-15, 17.5, 0]
					},
					"position": {
						"0.0": [0.5, -0.5, 1],
						"3.6": [0.5, -0.5, 1]
					}
				},
				"right_arm": {
					"rotation": {
						"0.0": [1.33964, 28.79916, 26.15378],
						"0.7": [-5.15666, 38.14831, 7.20304],
						"1.4": [-4.59404, 50.63545, 8.00251],
						"2.2": [4.3172, 28.1829, 6.2471],
						"3.6": [1.33964, 28.79916, 26.15378]
					},
					"position": {
						"0.0": [1.5, -0.5, 3.75],
						"3.6": [1.5, -0.5, 3.75]
					}
				}
			}
		}
	}
}